candidate_id,candidate_name,role,stage,stage_entered_at,stage_status,interviewer,interviewer_email,scorecard_recommendation,scorecard_overall_score,scorecard_submitted_at,recruiter,recruiter_notes
GH-2026-04812,"Alex Chen",Senior Staff Engineer,Application Review,2026-03-04T09:14:00-08:00,advanced,,"",,,,Marcus Webb,"Sourced from LinkedIn. Strong distributed systems profile - Pageform/Reach. Confirmed open to chat by 3/8."
GH-2026-04812,"Alex Chen",Senior Staff Engineer,Recruiter Screen,2026-03-09T15:00:00-08:00,advanced,Marcus Webb,marcus.webb@example.com,advance,4,2026-03-09T16:14:00-08:00,Marcus Webb,"Strong on motivation. Comp ~310 base + equity make-whole - within band. Two competing processes (unnamed). decision deadline early may. Self aware on consensus tendency- could be a leveling concern."
GH-2026-04812,"Alex Chen",Senior Staff Engineer,Hiring Manager,2026-03-16T10:00:00-07:00,advanced,Priya Raman,priya.raman@example.com,strong_hire,5,2026-03-16T11:42:00-07:00,Marcus Webb,"Priya recommends advance. Strong on technical fundamentals; honest about contribution boundaries. Hypothesized correctly on dedup-during-failover unprompted. Self-IDed L6 stretch areas."
GH-2026-04812,"Alex Chen",Senior Staff Engineer,Technical Deep Dive,2026-03-23T13:00:00-07:00,advanced,Diego Alvarez,diego.alvarez@example.com,hire,4,2026-03-23T15:18:00-07:00,Marcus Webb,"Hire. Coding 4/5 (self-corrected on out-of-order edge case). Debugging 5/5 (knows FCM 503-as-throttle quirk). Honest on JVM rust - 3-month ramp. Diego leans L6 with caveat."
GH-2026-04812,"Alex Chen",Senior Staff Engineer,System Design,2026-03-30T11:00:00-07:00,advanced,Sara Okafor,sara.okafor@example.com,strong_hire,5,2026-03-30T13:44:00-07:00,Marcus Webb,"Strong hire L6. Sara: strongest distributed systems candidate in 6 months. Honest gaps (no fencing experience, no formal-methods background). Volunteered to mentor on TLA+/Jepsen with Devon."
GH-2026-04812,"Alex Chen",Senior Staff Engineer,Values & Behavioral,2026-04-06T14:00:00-07:00,advanced_with_concern,Rohan Mehta,rohan.mehta@example.com,hire_at_lower_level,3,2026-04-06T16:01:00-07:00,Marcus Webb,"Rohan recommends hire at L5 not L6. Decisivenes pattern read as Staff trait. Linkerd self-critique unprompted. Cumulative pattern of consensus-building flagged for committee."
GH-2026-04812,"Alex Chen",Senior Staff Engineer,Comp/Leveling Calibration,2026-04-13T16:00:00-07:00,calibrated,Marcus Webb,marcus.webb@example.com,advance_to_committee,,2026-04-13T16:35:00-07:00,Marcus Webb,"Internal calibration with Emily Torres (HRBP) and Priya. Comp band confirmed L6 295-360. Down-level trigger defined: split committee = L5 not overpay-L6. Competing offer pressure noted (informal); not in candidate-facing materials."
GH-2026-04812,"Alex Chen",Senior Staff Engineer,Hiring Committee,2026-04-20T15:00:00-07:00,offer_pending_reference,Nathan Ross,nathan.ross@example.com,hire_l6_conditional,4,2026-04-20T16:08:00-07:00,Marcus Webb,"Committee outcome: hire L6 5-0 with 2 logged dissents (Rohan on decisiveness; Nathan on cross-team scope). Conditional on cross-team reference (T 4/21) and structured 6-mo review with dedup rebuild as keystone. Comp at median of L6 band: 320 base, 75k sign-on, L6 standard equity. $15k base flex without comp committee re-review."
GH-2026-04812,"Alex Chen",Senior Staff Engineer,Reference Check,2026-04-21T10:00:00-07:00,scheduled,Marcus Webb,marcus.webb@example.com,,,,Marcus Webb,"Two refs scheduled for 4/21: (a) Vinay Patel (current Principal at Pageform; was Alex's Staff Eng at Tessera). (b) Devi Iyer (Senior peer at Pageform). Cross-functional ref declined by candidate to be deferred until offer stage - flagged in committee."
